{
  "name": "root",
  "total": 65.809005,
  "count": 1,
  "self": 65.809005
}