{
  "name": "root",
  "total": 37.109685999999996,
  "count": 1,
  "self": 20.26074960000003,
  "children": [
    {
      "name": "TrainerController.advance",
      "total": 16.848936399999968,
      "count": 177,
      "self": 0.33281479999995156,
      "children": [
        {
          "name": "env_step",
          "total": 16.516121600000016,
          "count": 177,
          "self": 16.229391100000036,
          "children": [
            {
              "name": "SubprocessEnvManager._take_step",
              "total": 0.28446789999997435,
              "count": 177,
              "self": 0.0054101999999893735,
              "children": [
                {
                  "name": "PPOPolicy.evaluate",
                  "total": 0.279057699999985,
                  "count": 177,
                  "self": 0.279057699999985
                }
              ]
            },
            {
              "name": "workers",
              "total": 0.0022626000000052215,
              "count": 176,
              "self": 0.0,
              "children": [
                {
                  "name": "worker_root",
                  "total": 35.479681400000025,
                  "count": 176,
                  "is_parallel": true,
                  "self": 19.429426200000027,
                  "children": [
                    {
                      "name": "UnityEnvironment.step",
                      "total": 16.0502552,
                      "count": 176,
                      "is_parallel": true,
                      "self": 0.0766990999999777,
                      "children": [
                        {
                          "name": "UnityEnvironment._generate_step_input",
                          "total": 0.022426800000026503,
                          "count": 176,
                          "is_parallel": true,
                          "self": 0.022426800000026503
                        },
                        {
                          "name": "communicator.exchange",
                          "total": 15.951129299999995,
                          "count": 176,
                          "is_parallel": true,
                          "self": 15.951129299999995
                        }
                      ]
                    }
                  ]
                }
              ]
            }
          ]
        }
      ]
    }
  ]
}