{
  "name": "root",
  "total": 48.666931,
  "count": 1,
  "self": 8.013261800000016,
  "children": [
    {
      "name": "TrainerController.advance",
      "total": 40.65366919999998,
      "count": 321,
      "self": 0.7067741999999129,
      "children": [
        {
          "name": "env_step",
          "total": 39.94689500000007,
          "count": 321,
          "self": 39.42803249999999,
          "children": [
            {
              "name": "SubprocessEnvManager._take_step",
              "total": 0.5145439000000094,
              "count": 321,
              "self": 0.009765800000061553,
              "children": [
                {
                  "name": "PPOPolicy.evaluate",
                  "total": 0.5047780999999478,
                  "count": 321,
                  "self": 0.5047780999999478
                }
              ]
            },
            {
              "name": "workers",
              "total": 0.004318600000063455,
              "count": 320,
              "self": 0.0,
              "children": [
                {
                  "name": "worker_root",
                  "total": 46.97113340000005,
                  "count": 320,
                  "is_parallel": true,
                  "self": 7.82878900000005,
                  "children": [
                    {
                      "name": "UnityEnvironment.step",
                      "total": 39.1423444,
                      "count": 320,
                      "is_parallel": true,
                      "self": 0.2185961000000347,
                      "children": [
                        {
                          "name": "UnityEnvironment._generate_step_input",
                          "total": 0.06088729999996012,
                          "count": 320,
                          "is_parallel": true,
                          "self": 0.06088729999996012
                        },
                        {
                          "name": "communicator.exchange",
                          "total": 38.862861,
                          "count": 320,
                          "is_parallel": true,
                          "self": 38.862861
                        }
                      ]
                    }
                  ]
                }
              ]
            }
          ]
        }
      ]
    }
  ]
}