{
  "name": "root",
  "gauges": [
    {
      "name": "PlayerAgent.mean_reward",
      "value": 22.243877163134176,
      "min": 1.8103633375943173,
      "max": 22.243877163134176,
      "count": 6
    }
  ],
  "total": 794.7740773,
  "count": 1,
  "self": 11.232147299998815,
  "children": [
    {
      "name": "TrainerController.advance",
      "total": 783.5419300000012,
      "count": 6371,
      "self": 14.277625500000568,
      "children": [
        {
          "name": "env_step",
          "total": 751.6987284000007,
          "count": 6371,
          "self": 741.8630725000017,
          "children": [
            {
              "name": "SubprocessEnvManager._take_step",
              "total": 9.732168399998896,
              "count": 6371,
              "self": 0.2496882999980965,
              "children": [
                {
                  "name": "PPOPolicy.evaluate",
                  "total": 9.4824801000008,
                  "count": 6371,
                  "self": 9.4824801000008
                }
              ]
            },
            {
              "name": "workers",
              "total": 0.10348750000009499,
              "count": 6370,
              "self": 0.0,
              "children": [
                {
                  "name": "worker_root",
                  "total": 784.2262232999999,
                  "count": 6370,
                  "is_parallel": true,
                  "self": 57.02841329999933,
                  "children": [
                    {
                      "name": "UnityEnvironment.step",
                      "total": 727.1978100000006,
                      "count": 6370,
                      "is_parallel": true,
                      "self": 5.061096900000052,
                      "children": [
                        {
                          "name": "UnityEnvironment._generate_step_input",
                          "total": 1.3984170000015785,
                          "count": 6370,
                          "is_parallel": true,
                          "self": 1.3984170000015785
                        },
                        {
                          "name": "communicator.exchange",
                          "total": 720.7382960999989,
                          "count": 6370,
                          "is_parallel": true,
                          "self": 720.7382960999989
                        }
                      ]
                    }
                  ]
                }
              ]
            }
          ]
        },
        {
          "name": "update_policy",
          "total": 17.565576099999987,
          "count": 9,
          "self": 8.82444649999968,
          "children": [
            {
              "name": "PPOPolicy.update",
              "total": 8.741129600000306,
              "count": 270,
              "self": 8.741129600000306
            }
          ]
        }
      ]
    }
  ]
}