{
  "name": "root",
  "total": 24.4185237,
  "count": 1,
  "self": 8.01517459999998,
  "children": [
    {
      "name": "TrainerController.advance",
      "total": 16.40334910000002,
      "count": 376,
      "self": 0.5982859999999981,
      "children": [
        {
          "name": "env_step",
          "total": 15.805063100000023,
          "count": 376,
          "self": 15.30468460000003,
          "children": [
            {
              "name": "SubprocessEnvManager._take_step",
              "total": 0.49522329999999926,
              "count": 376,
              "self": 0.012092400000018877,
              "children": [
                {
                  "name": "PPOPolicy.evaluate",
                  "total": 0.4831308999999804,
                  "count": 376,
                  "self": 0.4831308999999804
                }
              ]
            },
            {
              "name": "workers",
              "total": 0.005155199999993698,
              "count": 375,
              "self": 0.0,
              "children": [
                {
                  "name": "worker_root",
                  "total": 22.820198400000002,
                  "count": 375,
                  "is_parallel": true,
                  "self": 7.843480999999997,
                  "children": [
                    {
                      "name": "UnityEnvironment.step",
                      "total": 14.976717400000005,
                      "count": 375,
                      "is_parallel": true,
                      "self": 0.27701470000004136,
                      "children": [
                        {
                          "name": "UnityEnvironment._generate_step_input",
                          "total": 0.04848489999998762,
                          "count": 375,
                          "is_parallel": true,
                          "self": 0.04848489999998762
                        },
                        {
                          "name": "communicator.exchange",
                          "total": 14.651217799999976,
                          "count": 375,
                          "is_parallel": true,
                          "self": 14.651217799999976
                        }
                      ]
                    }
                  ]
                }
              ]
            }
          ]
        }
      ]
    }
  ]
}