{
  "name": "root",
  "total": 50.0229607,
  "count": 1,
  "self": 9.904476600000038,
  "children": [
    {
      "name": "TrainerController.advance",
      "total": 40.11848409999996,
      "count": 165,
      "self": 0.3212147999999715,
      "children": [
        {
          "name": "env_step",
          "total": 39.79726929999999,
          "count": 165,
          "self": 39.54054389999997,
          "children": [
            {
              "name": "SubprocessEnvManager._take_step",
              "total": 0.2545510999999774,
              "count": 165,
              "self": 0.00451019999993818,
              "children": [
                {
                  "name": "PPOPolicy.evaluate",
                  "total": 0.2500409000000392,
                  "count": 165,
                  "self": 0.2500409000000392
                }
              ]
            },
            {
              "name": "workers",
              "total": 0.002174300000042706,
              "count": 164,
              "self": 0.0,
              "children": [
                {
                  "name": "worker_root",
                  "total": 48.44883070000002,
                  "count": 164,
                  "is_parallel": true,
                  "self": 9.045920600000066,
                  "children": [
                    {
                      "name": "UnityEnvironment.step",
                      "total": 39.40291009999996,
                      "count": 164,
                      "is_parallel": true,
                      "self": 0.07149159999999455,
                      "children": [
                        {
                          "name": "UnityEnvironment._generate_step_input",
                          "total": 0.01998169999996513,
                          "count": 164,
                          "is_parallel": true,
                          "self": 0.01998169999996513
                        },
                        {
                          "name": "communicator.exchange",
                          "total": 39.311436799999996,
                          "count": 164,
                          "is_parallel": true,
                          "self": 39.311436799999996
                        }
                      ]
                    }
                  ]
                }
              ]
            }
          ]
        }
      ]
    }
  ]
}