{
  "name": "root",
  "gauges": [
    {
      "name": "PlayerAgent.mean_reward",
      "value": -23.95999929867685,
      "min": -23.95999929867685,
      "max": -12.386665520879129,
      "count": 7
    }
  ],
  "total": 319.59133760000003,
  "count": 1,
  "self": 16.680014899999662,
  "children": [
    {
      "name": "TrainerController.advance",
      "total": 302.91132270000037,
      "count": 9955,
      "self": 8.429049100001976,
      "children": [
        {
          "name": "env_step",
          "total": 294.4822735999984,
          "count": 9955,
          "self": 284.8366770000015,
          "children": [
            {
              "name": "SubprocessEnvManager._take_step",
              "total": 9.511975499997853,
              "count": 9955,
              "self": 0.27835299999780183,
              "children": [
                {
                  "name": "PPOPolicy.evaluate",
                  "total": 9.23362250000005,
                  "count": 9955,
                  "self": 9.23362250000005
                }
              ]
            },
            {
              "name": "workers",
              "total": 0.13362109999903105,
              "count": 9954,
              "self": 0.0,
              "children": [
                {
                  "name": "worker_root",
                  "total": 317.67560569999847,
                  "count": 9954,
                  "is_parallel": true,
                  "self": 40.05179919999887,
                  "children": [
                    {
                      "name": "UnityEnvironment.step",
                      "total": 277.6238064999996,
                      "count": 9954,
                      "is_parallel": true,
                      "self": 2.1246053000025995,
                      "children": [
                        {
                          "name": "UnityEnvironment._generate_step_input",
                          "total": 0.6171047999984527,
                          "count": 9954,
                          "is_parallel": true,
                          "self": 0.6171047999984527
                        },
                        {
                          "name": "communicator.exchange",
                          "total": 274.88209639999855,
                          "count": 9954,
                          "is_parallel": true,
                          "self": 274.88209639999855
                        }
                      ]
                    }
                  ]
                }
              ]
            }
          ]
        }
      ]
    }
  ]
}