{
  "name": "root",
  "total": 24.4055446,
  "count": 1,
  "self": 9.6290163,
  "children": [
    {
      "name": "TrainerController.advance",
      "total": 14.776528299999999,
      "count": 1,
      "self": 2.1599999998400676e-05,
      "children": [
        {
          "name": "env_step",
          "total": 14.7765067,
          "count": 1,
          "self": 14.676146200000002,
          "children": [
            {
              "name": "SubprocessEnvManager._take_step",
              "total": 0.10036049999999896,
              "count": 1,
              "self": 4.4700000000119644e-05,
              "children": [
                {
                  "name": "PPOPolicy.evaluate",
                  "total": 0.10031579999999884,
                  "count": 1,
                  "self": 0.10031579999999884
                }
              ]
            }
          ]
        }
      ]
    }
  ]
}