{
  "name": "root",
  "total": 26.5873979,
  "count": 1,
  "self": 13.188523499999995,
  "children": [
    {
      "name": "TrainerController.advance",
      "total": 13.398874400000004,
      "count": 104,
      "self": 0.31447120000001405,
      "children": [
        {
          "name": "env_step",
          "total": 13.08440319999999,
          "count": 104,
          "self": 12.842189099999977,
          "children": [
            {
              "name": "SubprocessEnvManager._take_step",
              "total": 0.24086280000000748,
              "count": 104,
              "self": 0.003530600000017259,
              "children": [
                {
                  "name": "PPOPolicy.evaluate",
                  "total": 0.23733219999999022,
                  "count": 104,
                  "self": 0.23733219999999022
                }
              ]
            },
            {
              "name": "workers",
              "total": 0.0013513000000049402,
              "count": 103,
              "self": 0.0,
              "children": [
                {
                  "name": "worker_root",
                  "total": 24.814464400000013,
                  "count": 103,
                  "is_parallel": true,
                  "self": 12.130570900000015,
                  "children": [
                    {
                      "name": "UnityEnvironment.step",
                      "total": 12.683893499999998,
                      "count": 103,
                      "is_parallel": true,
                      "self": 0.0734887999999998,
                      "children": [
                        {
                          "name": "UnityEnvironment._generate_step_input",
                          "total": 0.02030710000001079,
                          "count": 103,
                          "is_parallel": true,
                          "self": 0.02030710000001079
                        },
                        {
                          "name": "communicator.exchange",
                          "total": 12.590097599999988,
                          "count": 103,
                          "is_parallel": true,
                          "self": 12.590097599999988
                        }
                      ]
                    }
                  ]
                }
              ]
            }
          ]
        }
      ]
    }
  ]
}