{
  "name": "root",
  "gauges": [
    {
      "name": "PlayerAgent2.mean_reward",
      "value": -109.58157154428773,
      "min": -109.58157154428773,
      "max": -83.00557168441203,
      "count": 3
    }
  ],
  "total": 95.4660603,
  "count": 1,
  "self": 10.977015700000464,
  "children": [
    {
      "name": "TrainerController.advance",
      "total": 84.48904459999953,
      "count": 3759,
      "self": 3.4441303999996933,
      "children": [
        {
          "name": "env_step",
          "total": 81.04491419999984,
          "count": 3759,
          "self": 75.14197859999976,
          "children": [
            {
              "name": "SubprocessEnvManager._take_step",
              "total": 5.851306099999974,
              "count": 3759,
              "self": 0.128856400000263,
              "children": [
                {
                  "name": "PPOPolicy.evaluate",
                  "total": 5.722449699999711,
                  "count": 3759,
                  "self": 5.722449699999711
                }
              ]
            },
            {
              "name": "workers",
              "total": 0.05162950000010369,
              "count": 3758,
              "self": 0.0,
              "children": [
                {
                  "name": "worker_root",
                  "total": 93.33044790000014,
                  "count": 3758,
                  "is_parallel": true,
                  "self": 21.090174800000185,
                  "children": [
                    {
                      "name": "UnityEnvironment.step",
                      "total": 72.24027309999995,
                      "count": 3758,
                      "is_parallel": true,
                      "self": 0.8187027999998833,
                      "children": [
                        {
                          "name": "UnityEnvironment._generate_step_input",
                          "total": 0.24277909999995462,
                          "count": 3758,
                          "is_parallel": true,
                          "self": 0.24277909999995462
                        },
                        {
                          "name": "communicator.exchange",
                          "total": 71.17879120000012,
                          "count": 3758,
                          "is_parallel": true,
                          "self": 71.17879120000012
                        }
                      ]
                    }
                  ]
                }
              ]
            }
          ]
        }
      ]
    }
  ]
}