{
  "name": "root",
  "gauges": [
    {
      "name": "PlayerAgent2.mean_reward",
      "value": -29.92161181526596,
      "min": -32.83052562928836,
      "max": -26.041490820450328,
      "count": 6
    }
  ],
  "total": 282.6793349,
  "count": 1,
  "self": 69.56830159999961,
  "children": [
    {
      "name": "TrainerController.advance",
      "total": 213.1110333000004,
      "count": 6081,
      "self": 11.508011500001544,
      "children": [
        {
          "name": "env_step",
          "total": 189.75416099999887,
          "count": 6081,
          "self": 183.0567738999986,
          "children": [
            {
              "name": "SubprocessEnvManager._take_step",
              "total": 6.609253900000624,
              "count": 6081,
              "self": 0.19209430000086414,
              "children": [
                {
                  "name": "PPOPolicy.evaluate",
                  "total": 6.41715959999976,
                  "count": 6081,
                  "self": 6.41715959999976
                }
              ]
            },
            {
              "name": "workers",
              "total": 0.08813319999963554,
              "count": 6080,
              "self": 0.0,
              "children": [
                {
                  "name": "worker_root",
                  "total": 280.8089566000019,
                  "count": 6080,
                  "is_parallel": true,
                  "self": 102.66802330000303,
                  "children": [
                    {
                      "name": "UnityEnvironment.step",
                      "total": 178.1409332999989,
                      "count": 6080,
                      "is_parallel": true,
                      "self": 4.1779929999987075,
                      "children": [
                        {
                          "name": "UnityEnvironment._generate_step_input",
                          "total": 1.164102399999706,
                          "count": 6080,
                          "is_parallel": true,
                          "self": 1.164102399999706
                        },
                        {
                          "name": "communicator.exchange",
                          "total": 172.79883790000048,
                          "count": 6080,
                          "is_parallel": true,
                          "self": 172.79883790000048
                        }
                      ]
                    }
                  ]
                }
              ]
            }
          ]
        },
        {
          "name": "update_policy",
          "total": 11.848860799999976,
          "count": 9,
          "self": 8.167295999999972,
          "children": [
            {
              "name": "PPOPolicy.update",
              "total": 3.681564800000004,
              "count": 270,
              "self": 3.681564800000004
            }
          ]
        }
      ]
    }
  ]
}