{
  "name": "root",
  "total": 7.5916515,
  "count": 1,
  "self": 7.5916515
}