{
  "name": "root",
  "gauges": [
    {
      "name": "PlayerAgent2.mean_reward",
      "value": -237.2125713870718,
      "min": -237.57266649707785,
      "max": -237.2125713870718,
      "count": 2
    }
  ],
  "total": 174.8014186,
  "count": 1,
  "self": 12.747727000000225,
  "children": [
    {
      "name": "TrainerController.advance",
      "total": 162.05369159999978,
      "count": 2190,
      "self": 5.139353099999994,
      "children": [
        {
          "name": "env_step",
          "total": 142.2464433999998,
          "count": 2190,
          "self": 137.84101139999976,
          "children": [
            {
              "name": "SubprocessEnvManager._take_step",
              "total": 4.375491299999881,
              "count": 2190,
              "self": 0.1136217999999456,
              "children": [
                {
                  "name": "PPOPolicy.evaluate",
                  "total": 4.261869499999936,
                  "count": 2190,
                  "self": 4.261869499999936
                }
              ]
            },
            {
              "name": "workers",
              "total": 0.029940700000164355,
              "count": 2189,
              "self": 0.0,
              "children": [
                {
                  "name": "worker_root",
                  "total": 112.0908910999996,
                  "count": 2189,
                  "is_parallel": true,
                  "self": 36.21723430000003,
                  "children": [
                    {
                      "name": "UnityEnvironment.step",
                      "total": 75.87365679999957,
                      "count": 2189,
                      "is_parallel": true,
                      "self": 1.6379835999992736,
                      "children": [
                        {
                          "name": "UnityEnvironment._generate_step_input",
                          "total": 0.4192141000002714,
                          "count": 2189,
                          "is_parallel": true,
                          "self": 0.4192141000002714
                        },
                        {
                          "name": "communicator.exchange",
                          "total": 73.81645910000002,
                          "count": 2189,
                          "is_parallel": true,
                          "self": 73.81645910000002
                        }
                      ]
                    }
                  ]
                }
              ]
            }
          ]
        },
        {
          "name": "update_policy",
          "total": 14.667895099999978,
          "count": 6,
          "self": 0.31537970000006155,
          "children": [
            {
              "name": "PPOPolicy.update",
              "total": 14.352515399999916,
              "count": 180,
              "self": 14.352515399999916
            }
          ]
        }
      ]
    }
  ]
}