{
  "name": "root",
  "gauges": [
    {
      "name": "PlayerAgent2.mean_reward",
      "value": -22.906254898019444,
      "min": -31.3654050444469,
      "max": -21.32531364920508,
      "count": 58
    }
  ],
  "total": 3291.9156793,
  "count": 1,
  "self": 39.50758589998577,
  "children": [
    {
      "name": "TrainerController.advance",
      "total": 3252.4080934000144,
      "count": 58244,
      "self": 138.58846020002966,
      "children": [
        {
          "name": "env_step",
          "total": 2676.6381965999844,
          "count": 58244,
          "self": 2552.6288485998775,
          "children": [
            {
              "name": "SubprocessEnvManager._take_step",
              "total": 123.18774839999418,
              "count": 58244,
              "self": 3.1227213999835755,
              "children": [
                {
                  "name": "PPOPolicy.evaluate",
                  "total": 120.0650270000106,
                  "count": 58244,
                  "self": 120.0650270000106
                }
              ]
            },
            {
              "name": "workers",
              "total": 0.8215996001129433,
              "count": 58243,
              "self": 0.0,
              "children": [
                {
                  "name": "worker_root",
                  "total": 3287.9633576000397,
                  "count": 58243,
                  "is_parallel": true,
                  "self": 790.2261827000484,
                  "children": [
                    {
                      "name": "UnityEnvironment.step",
                      "total": 2497.7371748999913,
                      "count": 58243,
                      "is_parallel": true,
                      "self": 52.11438019992602,
                      "children": [
                        {
                          "name": "UnityEnvironment._generate_step_input",
                          "total": 11.559886700036593,
                          "count": 58243,
                          "is_parallel": true,
                          "self": 11.559886700036593
                        },
                        {
                          "name": "communicator.exchange",
                          "total": 2434.0629080000285,
                          "count": 58243,
                          "is_parallel": true,
                          "self": 2434.0629080000285
                        }
                      ]
                    }
                  ]
                }
              ]
            }
          ]
        },
        {
          "name": "update_policy",
          "total": 437.18143660000015,
          "count": 176,
          "self": 9.873843500021735,
          "children": [
            {
              "name": "PPOPolicy.update",
              "total": 427.3075930999784,
              "count": 5280,
              "self": 427.3075930999784
            }
          ]
        }
      ]
    }
  ]
}