{
  "name": "root",
  "gauges": [
    {
      "name": "PlayerAgent2.mean_reward",
      "value": -240.45456055604154,
      "min": -240.45456055604154,
      "max": -197.36444668471813,
      "count": 3
    }
  ],
  "total": 100.3986063,
  "count": 1,
  "self": 12.635582399999862,
  "children": [
    {
      "name": "TrainerController.advance",
      "total": 87.76302390000014,
      "count": 3444,
      "self": 3.5069200999997463,
      "children": [
        {
          "name": "env_step",
          "total": 80.8973290000004,
          "count": 3444,
          "self": 75.09803230000031,
          "children": [
            {
              "name": "SubprocessEnvManager._take_step",
              "total": 5.752737699999949,
              "count": 3444,
              "self": 0.12962780000014362,
              "children": [
                {
                  "name": "PPOPolicy.evaluate",
                  "total": 5.623109899999806,
                  "count": 3444,
                  "self": 5.623109899999806
                }
              ]
            },
            {
              "name": "workers",
              "total": 0.04655900000014235,
              "count": 3443,
              "self": 0.0,
              "children": [
                {
                  "name": "worker_root",
                  "total": 98.35751759999991,
                  "count": 3443,
                  "is_parallel": true,
                  "self": 25.975166999999743,
                  "children": [
                    {
                      "name": "UnityEnvironment.step",
                      "total": 72.38235060000017,
                      "count": 3443,
                      "is_parallel": true,
                      "self": 0.9137501999997113,
                      "children": [
                        {
                          "name": "UnityEnvironment._generate_step_input",
                          "total": 0.26804090000005765,
                          "count": 3443,
                          "is_parallel": true,
                          "self": 0.26804090000005765
                        },
                        {
                          "name": "communicator.exchange",
                          "total": 71.2005595000004,
                          "count": 3443,
                          "is_parallel": true,
                          "self": 71.2005595000004
                        }
                      ]
                    }
                  ]
                }
              ]
            }
          ]
        },
        {
          "name": "update_policy",
          "total": 3.358774799999992,
          "count": 1,
          "self": 0.06556829999996694,
          "children": [
            {
              "name": "PPOPolicy.update",
              "total": 3.293206500000025,
              "count": 30,
              "self": 3.293206500000025
            }
          ]
        }
      ]
    }
  ]
}