{
  "name": "root",
  "gauges": [
    {
      "name": "PlayerAgent2.mean_reward",
      "value": -218.53669905815457,
      "min": -218.53669905815457,
      "max": -218.53669905815457,
      "count": 1
    }
  ],
  "total": 115.19703319999999,
  "count": 1,
  "self": 13.53004759999979,
  "children": [
    {
      "name": "TrainerController.advance",
      "total": 101.6669856000002,
      "count": 1256,
      "self": 2.9828711000001817,
      "children": [
        {
          "name": "env_step",
          "total": 90.85431400000002,
          "count": 1256,
          "self": 88.2199256999999,
          "children": [
            {
              "name": "SubprocessEnvManager._take_step",
              "total": 2.616829900000239,
              "count": 1256,
              "self": 0.06718480000036386,
              "children": [
                {
                  "name": "PPOPolicy.evaluate",
                  "total": 2.549645099999875,
                  "count": 1256,
                  "self": 2.549645099999875
                }
              ]
            },
            {
              "name": "workers",
              "total": 0.01755839999987252,
              "count": 1255,
              "self": 0.0,
              "children": [
                {
                  "name": "worker_root",
                  "total": 113.00366039999987,
                  "count": 1255,
                  "is_parallel": true,
                  "self": 25.966321299999663,
                  "children": [
                    {
                      "name": "UnityEnvironment.step",
                      "total": 87.03733910000021,
                      "count": 1255,
                      "is_parallel": true,
                      "self": 0.9596205000002698,
                      "children": [
                        {
                          "name": "UnityEnvironment._generate_step_input",
                          "total": 0.24513719999985817,
                          "count": 1255,
                          "is_parallel": true,
                          "self": 0.24513719999985817
                        },
                        {
                          "name": "communicator.exchange",
                          "total": 85.83258140000008,
                          "count": 1255,
                          "is_parallel": true,
                          "self": 85.83258140000008
                        }
                      ]
                    }
                  ]
                }
              ]
            }
          ]
        },
        {
          "name": "update_policy",
          "total": 7.829800500000012,
          "count": 3,
          "self": 0.1569638000000282,
          "children": [
            {
              "name": "PPOPolicy.update",
              "total": 7.6728366999999835,
              "count": 90,
              "self": 7.6728366999999835
            }
          ]
        }
      ]
    }
  ]
}