{"count":1,"self":2203.4774016,"total":3285.5319928,"children":{"AgentResetIfDone":{"count":291221,"self":2.4973533999999997,"total":2.4973533999999997,"children":null},"AgentSendState":{"count":291221,"self":15.339043199999999,"total":27.3674222,"children":{"CollectObservations":{"count":931920,"self":12.02838,"total":12.0283797,"children":null}}},"DecideAction":{"count":291221,"self":984.9622528,"total":1000.5472718,"children":{"AgentInfo.ToProto":{"count":58245,"self":15.584969599999999,"total":15.584969699999998,"children":null}}},"AcademyStep":{"count":291221,"self":0.69900149999999994,"total":0.69900149999999994,"children":null},"AgentAct":{"count":291221,"self":50.9424864,"total":50.942485399999995,"children":null}}}