{"count":1,"self":73.6638976,"total":73.747671099999991,"children":{"AgentResetIfDone":{"count":5262,"self":0.0408573,"total":0.0408573,"children":null},"AgentSendState":{"count":5262,"self":0.010986099999999999,"total":0.010986099999999999,"children":null},"DecideAction":{"count":5262,"self":0.0129936,"total":0.0129936,"children":null},"AcademyStep":{"count":5262,"self":0.0089632,"total":0.0089632,"children":null},"AgentAct":{"count":5262,"self":0.0079724,"total":0.0079724,"children":null}}}